{
    "pairs" : [["co2","co2"]].
    "types1" : [[0,1,1]],
    "types2" : [[0,1,1]],
    "c6" : [
              [ 
                 [[0,0],321.00932864], 
                 [[0,1],219.55020747], 
                 [[1,1],170.09525896] 
              ]
           ],
    "d6" : [
              [ 
                 [[0,0],3.12663],
                 [[0,1],3.64236],
                 [[1,1],3.52744]  
              ]
           ],
    "a" : [
              [
                 [[0,0],9038.48],
                 [[0,1],12608.9],
                 [[1,1],24274.7]
              ]
           ]
    
}
