{
    "co2" : {
        "sites" : 3,
        "nat" : 3,
        "exc12" : [[0,1],[0,2]],
        "exc13" : [[1,2]],
        "exc14" : [],
        "charges" : [0.706027,-0.3530135,-0.3530135]  ,
        "pol" : [1.471677,0.769790,0.769790]  ,
        "polfac" : [1.471677,0.769790,0.769790]  ,
        "c6lr" : [17.91673320223304547491,13.04205731316957524126,13.04205731316957524126] 
    }
} 
