{
    "zif90" : {
        "sites" : 11,
        "nat" : 11,
        "exc12" : [[0,2],[1,2],[0,8],[1,4],[0,10],[2,3],[3,6],[3,7],[4,5],[8,9],[4,8]],
        "exc13" : [[0,1],[0,3],[1,3],[1,8],[0,4],[1,5],[0,9],[2,8],[2,4],[2,10],[2,6],[2,7],[5,8],[4,9],[6,7],[8,10]],
        "exc14" : [[0,6],[1,6],[0,7],[1,7],[0,5],[1,9],[2,5],[2,9],[3,8],[3,4],[5,9],[1,10],[3,10],[4,10],[9,10]],
        "charges" : [-0.27740000,-0.27740000,0.21990000,0.20990000,-0.00600000,0.11515000,0.09600000,-0.34500000,-0.00600000,0.11515000,0.15570000],
        "pol" : [0.0,0.0,0.0,0.0,0.0,0.0,0.0,0.0,0.0,0.0,0.0],
        "polfac" : [1.0,1.0,1.0,1.0,1.0,1.0,1.0,1.0,1.0,1.0,1.0],
        "c6lr" : [0.0,0.0,0.0,0.0,0.0,0.0,0.0,0.0,0.0,0.0,0.0]
    }
}
